Gpu,Rating,Performance
AMD FirePro 2270,829,0.08
AMD FirePro M2000,650,0.32
AMD FirePro M4000,406,2.5
AMD FirePro M4100,508,0.93
AMD FirePro M4150,490,1.14
AMD FirePro M5100,355,3.53
AMD FirePro M5950,467,1.34
AMD FirePro M6000,367,3.26
AMD FirePro M6100,282,5.76
AMD FirePro S10000,171,19.66
AMD FirePro S7000,217,9.76
AMD FirePro S7150,137,24.95
AMD FirePro S9000,175,18.44
AMD FirePro V3900,695,0.26
AMD FirePro V4900,469,1.34
AMD FirePro V5900,424,1.73
AMD FirePro V7900,298,5.14
AMD FirePro W2100,552,0.65
AMD FirePro W4100,409,2.46
AMD FirePro W4170M,447,1.5
AMD FirePro W4190M,463,1.34
AMD FirePro W4300,290,5.41
AMD FirePro W5000,277,6
AMD FirePro W5100,280,5.86
AMD FirePro W5130M,401,2.65
AMD FIREPRO W6150M,,1.3
AMD FirePro W5170M,348,3.67
AMD FirePro W600,423,1.93
AMD FirePro W7000,208,10.08
AMD FirePro W7100,154,21.41
AMD FirePro W7170M,186,12.75
AMD FirePro W8000,194,12.15
AMD FirePro W8100,140,24.19
AMD FirePro W9000,167,19.92
AMD FirePro W9100,122,29.21
AMD FireStream 9250,495,1.01
AMD FireStream 9270,442,1.53
AMD RADEON R5 520,,0.32
AMD Radeon 520,644,0.32
AMD R17M-M1-70,,1.16
AMD Radeon 530,486,1.16
AMD Radeon 540,412,2.42
AMD Radeon 540X,383,2.97
AMD Radeon 550X,408,2.48
AMD Radeon E6760,542,0.69
AMD Radeon E8860,411,2.43
AMD Radeon HD 6230,831,0.08
AMD Radeon HD 6320,848,0.08
AMD Radeon HD 6350,836,0.08
AMD Radeon HD 6370M,805,0.1
AMD Radeon HD 6380G,792,0.11
AMD Radeon HD 6430M,856,0.07
AMD Radeon HD 6450,804,0.1
AMD Radeon HD 6450 GDDR5,863,0.07
AMD Radeon HD 6450A,815,0.1
AMD Radeon HD 6450M,875,0.07
AMD Radeon HD 6470M,788,0.12
AMD Radeon HD 6480G,916,0.04
AMD Radeon HD 6480G ,745,0.13
AMD Radeon HD 6490M,924,0.03
AMD Radeon HD 6510G2,870,0.07
AMD Radeon HD 6520G,736,0.13
AMD Radeon HD 6520G ,701,0.25
AMD Radeon HD 6530M,691,0.26
AMD Radeon HD 6540G2,727,0.13
AMD Radeon HD 6550A,601,0.48
AMD Radeon HD 6550D,642,0.33
AMD Radeon HD 6550M,690,0.26
AMD Radeon HD 6570,578,0.52
AMD Radeon HD 6570M,725,0.13
AMD Radeon HD 6610M,664,0.29
AMD Radeon HD 6620G,666,0.28
AMD Radeon HD 6620G ,719,0.23
AMD Radeon HD 6630M,611,0.47
AMD Radeon HD 6650M,770,0.12
AMD Radeon HD 6670,512,0.92
AMD Radeon HD 6680G2,700,0.25
AMD Radeon HD 6720G2,723,0.13
AMD Radeon HD 6730M,724,0.13
AMD Radeon HD 6740G2,558,0.63
AMD Radeon HD 6750,460,1.36
AMD Radeon HD 6750M,551,0.67
AMD Radeon HD 6755G2,715,0.23
AMD Radeon HD 6770,417,2.37
AMD Radeon HD 6770M,545,0.68
AMD Radeon HD 6790,358,3.44
AMD Radeon HD 6850,329,4.09
AMD Radeon HD 6850 X2,320,4.52
AMD Radeon HD 6850M,509,0.93
AMD Radeon HD 6870,306,4.89
AMD Radeon HD 6950,257,7.33
AMD Radeon HD 6950M,404,2.58
AMD Radeon HD 6970,248,8.02
AMD Radeon HD 6970M,337,3.79
AMD Radeon HD 6970M Crossfire,227,9.2
AMD Radeon HD 6990,286,5.7
AMD Radeon HD 6990M,317,4.52
AMD Radeon HD 6990M Crossfire,200,11.78
AMD Radeon HD 7340,841,0.08
AMD Radeon HD 7400G,895,0.05
AMD Radeon HD 7420G,910,0.04
AMD Radeon HD 7450A,799,0.11
AMD Radeon HD 7450M,902,0.04
AMD Radeon HD 7470M,914,0.04
AMD Radeon HD 7480D,886,0.07
AMD Radeon HD 7500G,913,0.04
AMD Radeon HD 7500G ,706,0.25
AMD Radeon HD 7520G,866,0.07
AMD Radeon HD 7520G ,722,0.13
AMD Radeon HD 7550M,781,0.12
AMD Radeon HD 7560D,632,0.34
AMD Radeon HD 7570,539,0.7
AMD Radeon HD 7570M,654,0.31
AMD Radeon HD 7600G,748,0.13
AMD Radeon HD 7610M,646,0.32
AMD Radeon HD 7620G,859,0.07
AMD Radeon HD 7640G,653,0.31
AMD Radeon HD 7640G ,699,0.25
AMD Radeon HD 7650A,763,0.13
AMD Radeon HD 7650M,592,0.49
AMD Radeon HD 7660D,768,0.12
AMD Radeon HD 7660G,760,0.13
AMD Radeon HD 7660G ,614,0.46
AMD Radeon HD 7670A,504,0.93
AMD Radeon HD 7670M,757,0.13
AMD Radeon HD 7690M,532,0.71
AMD Radeon HD 7690M XT,529,0.72
AMD Radeon HD 7730,438,1.62
AMD Radeon HD 7730M,535,0.71
AMD Radeon HD 7750,397,2.7
AMD Radeon HD 7750M,482,1.22
AMD Radeon HD 7770,345,3.72
AMD Radeon HD 7770M,433,1.66
AMD Radeon HD 7790,278,5.99
AMD Radeon HD 7850,232,9.12
AMD Radeon HD 7850M,440,1.56
AMD Radeon HD 7870,205,11.69
AMD Radeon HD 7870 XT,196,11.78
AMD Radeon HD 7870M,426,1.71
AMD Radeon HD 7950,182,17.37
AMD Radeon HD 7970,168,19.71
AMD Radeon HD 7970M,234,9.02
AMD Radeon HD 7970M Crossfire,136,24.95
AMD Radeon HD 7990,162,20.89
AMD Radeon HD 8180,854,0.07
AMD Radeon HD 8210,821,0.09
AMD Radeon HD 8240,802,0.1
AMD Radeon HD 8250,818,0.1
AMD Radeon HD 8280,784,0.12
AMD Radeon HD 8280E,787,0.12
AMD Radeon HD 8330,892,0.05
AMD Radeon HD 8330E,783,0.12
AMD Radeon HD 8350G,867,0.07
AMD Radeon HD 8400,888,0.05
AMD Radeon HD 8400E,899,0.05
AMD Radeon HD 8410G,885,0.07
AMD Radeon HD 8450G,912,0.04
AMD Radeon HD 8450G ,743,0.13
AMD Radeon HD 8470D,686,0.27
AMD Radeon HD 8510G,742,0.13
AMD Radeon HD 8550G,595,0.49
AMD Radeon HD 8550G ,718,0.23
AMD Radeon HD 8550M,713,0.23
AMD Radeon HD 8570D,615,0.46
AMD Radeon HD 8570M,683,0.27
AMD Radeon HD 8610G,673,0.28
AMD Radeon HD 8650G,570,0.62
AMD Radeon HD 8650G ,717,0.23
AMD Radeon HD 8650M,714,0.23
AMD Radeon HD 8670D,767,0.12
AMD Radeon HD 8670M,687,0.27
AMD Radeon HD 8690M,537,0.7
AMD Radeon HD 8730M,505,0.93
AMD Radeon HD 8750M,500,0.93
AMD Radeon HD 8770M,448,1.5
AMD Radeon HD 8790M,461,1.36
AMD Radeon HD 8850M,543,0.69
AMD Radeon HD 8870M,403,2.58
AMD Radeon HD 8970M,231,9.19
AMD Radeon HD 8970M Crossfire,117,29.21
AMD Radeon Pro 450,299,5.09
AMD Radeon Pro 455,276,6.05
AMD Radeon Pro 460,251,7.86
AMD Radeon Pro 5500M,131,27
AMD Radeon Pro 555,273,6.1
AMD Radeon Pro 555X,256,7.36
AMD Radeon Pro 560,250,7.91
AMD Radeon Pro 560X,239,8.74
AMD Radeon Pro 570,133,25.67
AMD Radeon Pro 580,109,30.28
AMD Radeon Pro 580X,112,29.44
AMD Radeon Pro V340 MxGPU,295,5.33
AMD Radeon Pro Vega 16,185,13.04
AMD Radeon Pro Vega 20,132,25.83
AMD Radeon PRO WX 2100,344,3.73
AMD Radeon PRO WX 3100,263,6.86
AMD Radeon Pro WX 3200,315,4.52
AMD Radeon Pro WX 4100,225,9.26
AMD Radeon Pro WX 4130,281,5.8
AMD Radeon Pro WX 4150,270,6.24
AMD Radeon Pro WX 5100,159,20.89
AMD Radeon Pro WX 7100,101,32.07
AMD Radeon Pro WX Vega M GL,149,22.35
AMD RADEON R2 GRAPHICS,,0.13
AMD Radeon R2 ,730,0.13
AMD Radeon R3 ,868,0.07
AMD RADEON R4 GRAPHICS,,0.25
AMD R4 GRAPHICS,,0.25
AMD Radeon R4 ,709,0.25
AMD Radeon R5 ,698,0.25
AMD Radeon R5 230,822,0.09
AMD Radeon R5 430,526,0.73
AMD Radeon R5 M230,663,0.29
AMD Radeon R5 M240,668,0.28
AMD Radeon R5 M255,576,0.52
AMD Radeon R5 M315,655,0.31
AMD Radeon R5 M320,721,0.13
AMD Radeon R5 M330,661,0.3
AMD Radeon R5 M335,675,0.28
AMD RADEON R5 M420X,,0.28
AMD Radeon R5 M420,670,0.28
AMD Radeon R5 M430,639,0.33
AMD Radeon R5 M435,657,0.31
AMD Radeon R6 ,607,0.47
AMD Radeon R6 M255DX,660,0.3
AMD Radeon R6 M340DX,513,0.92
AMD Radeon R7 ,518,0.78
AMD RADEON R7 GRAPHICS,,0.78
AMD Radeon R7 240,541,0.69
AMD Radeon R7 250,452,1.5
AMD Radeon R7 250X,339,3.79
AMD Radeon R7 260,292,5.41
AMD Radeon R7 260X,265,6.58
AMD Radeon R7 360,262,6.87
AMD Radeon R7 370,193,12.24
AMD Radeon R7 384 Cores ,444,1.5
AMD Radeon R7 512 Cores ,436,1.66
AMD Radeon R7 A265,536,0.7
AMD Radeon R7 M260,629,0.34
AMD Radeon R7 M260DX,609,0.47
AMD Radeon R7 M260X,488,1.14
AMD Radeon R7 M265,753,0.13
AMD Radeon R7 M270,771,0.12
AMD Radeon R7 M275DX,416,2.37
AMD Radeon R7 M340,711,0.23
AMD Radeon R7 M350,474,1.29
AMD Radeon R7 M360,587,0.5
AMD Radeon R7 M365X,571,0.62
AMD Radeon R7 M370,458,1.47
AMD Radeon R7 M380,455,1.5
AMD Radeon R7 M440,548,0.67
AMD Radeon R7 M445,521,0.77
AMD Radeon R7 M460,484,1.18
AMD Radeon R7 M465,493,1.14
AMD Radeon R7 M465X,368,3.26
AMD Radeon R8 M365DX,584,0.5
AMD Radeon R8 M445DX,756,0.13
AMD Radeon R8 M535DX,590,0.49
AMD Radeon R9 270,215,9.76
AMD Radeon R9 270X,184,13.08
AMD Radeon R9 280,163,20.21
AMD Radeon R9 280X,153,21.57
AMD Radeon R9 290X,105,30.28
AMD Radeon R9 295X2,103,31.69
AMD Radeon R9 370,183,13.15
AMD Radeon R9 380,134,24.95
AMD Radeon R9 380X,138,24.79
AMD Radeon R9 M265X,462,1.35
AMD Radeon R9 M270X,456,1.49
AMD Radeon R9 M275,489,1.14
AMD Radeon R9 M280X,354,3.53
AMD Radeon R9 M290X,222,9.72
AMD Radeon R9 M290X Crossfire,116,29.21
AMD Radeon R9 M295X,174,18.77
AMD Radeon R9 M360,370,3.26
AMD Radeon R9 M365X,427,1.68
AMD Radeon R9 M370X,378,3.08
AMD Radeon R9 M375,477,1.27
AMD Radeon R9 M375X,351,3.55
AMD Radeon R9 M380,268,6.24
AMD RADEON R9 M385,,6.24
AMD Radeon R9 M385X,574,0.6
AMD Radeon R9 M390,311,4.86
AMD Radeon R9 M390X,207,10.09
AMD Radeon R9 M395,176,18.31
AMD Radeon R9 M395X,155,21.36
AMD Radeon R9 M470,334,4.05
AMD Radeon R9 M470X,243,8.46
AMD Radeon RX 460,209,10.04
AMD Radeon RX 460 Mobile,245,8.2
AMD Radeon RX 470,104,31.65
AMD Radeon RX 470 Mobile,129,27.08
AMD Radeon RX 480 Mobile,271,6.24
AMD Radeon RX 5300M,142,24.11
AMD Radeon RX 540,297,5.21
AMD Radeon RX 550,252,7.82
AMD Radeon RX 550 Mobile,224,9.26
AMD Radeon RX 5500M,114,29.21
AMD Radeon RX 550X,352,3.53
AMD Radeon RX 550X Mobile,258,7.33
AMD Radeon RX 560,210,9.98
AMD Radeon RX 560 Mobile,242,8.46
AMD Radeon RX 560X,244,8.2
AMD Radeon RX 560X Mobile,189,12.47
AMD Radeon RX 570,126,28
AMD Radeon RX 580,102,31.8
AMD Radeon RX Vega 10,393,2.72
AMD Radeon RX Vega 11,332,4.05
AMD Radeon RX Vega 3,485,1.18
AMD Radeon RX Vega 6,372,3.26
AMD Radeon RX Vega 8,392,2.75
AMD Radeon RX Vega 9,316,4.52
AMD Radeon RX Vega M GH,123,28.62
AMD Radeon RX Vega M GL,169,19.71
AMD Radeon RX Vega M GL / 870,148,23.08
AMD Radeon Sky 500,180,17.82
AMD Radeon Vega 11,384,2.93
AMD Radeon Vega 3,511,0.93
AMD Radeon Vega 3 Mobile,519,0.78
ATI FirePro M5800,565,0.63
ATI FirePro M7740,430,1.66
ATI FirePro V5800,459,1.46
ATI Mobility FireGL V5700,896,0.05
ATI Mobility Radeon HD 2600 XT,881,0.07
ATI Mobility Radeon HD 3650,897,0.05
ATI Mobility Radeon HD 3670,877,0.07
ATI Mobility Radeon HD 3850,740,0.13
ATI Mobility Radeon HD 3870,623,0.39
ATI Mobility Radeon HD 3870 X2,434,1.66
ATI Mobility Radeon HD 4550,905,0.04
ATI Mobility Radeon HD 4570,882,0.07
ATI Mobility Radeon HD 4650,739,0.13
ATI Mobility Radeon HD 4670,705,0.25
ATI Mobility Radeon HD 4830,561,0.63
ATI Mobility Radeon HD 4850,450,1.5
ATI Mobility Radeon HD 4870,429,1.66
ATI Mobility Radeon HD 4870 X2,371,3.26
ATI Mobility Radeon HD 5145,879,0.07
ATI Mobility Radeon HD 5165,707,0.25
ATI Mobility Radeon HD 540v,906,0.04
ATI Mobility Radeon HD 5430,907,0.04
ATI Mobility Radeon HD 545v,880,0.07
ATI Mobility Radeon HD 5470,878,0.07
ATI Mobility Radeon HD 550v,733,0.13
ATI Mobility Radeon HD 560v,750,0.13
ATI Mobility Radeon HD 5650,746,0.13
ATI Mobility Radeon HD 5730,564,0.63
ATI Mobility Radeon HD 5830,502,0.93
ATI Mobility Radeon HD 5850,468,1.34
ATI Mobility Radeon HD 5870,369,3.26
ATI Mobility Radeon HD 5870 Crossfire,269,6.24
ATI Radeon E4690,920,0.04
ATI Radeon HD 2600 PRO,835,0.08
ATI Radeon HD 2600 XT,801,0.1
ATI Radeon HD 2900 GT,797,0.11
ATI Radeon HD 2900 PRO,648,0.32
ATI Radeon HD 2900 XT,635,0.34
ATI Radeon HD 3850,684,0.27
ATI Radeon HD 3850 AGP,883,0.07
ATI Radeon HD 3850 X2,755,0.13
ATI Radeon HD 3870,597,0.49
ATI Radeon HD 3870 X2,696,0.26
ATI Radeon HD 4550,826,0.09
ATI Radeon HD 4570,851,0.07
ATI Radeon HD 4650,900,0.05
ATI Radeon HD 4650 AGP,842,0.08
ATI Radeon HD 4670,678,0.28
ATI Radeon HD 4770,517,0.78
ATI Radeon HD 4810,773,0.12
ATI Radeon HD 4830,549,0.67
ATI Radeon HD 4850,528,0.73
ATI Radeon HD 4850 X2,487,1.16
ATI Radeon HD 4870,446,1.5
ATI Radeon HD 4870 X2,492,1.14
ATI Radeon HD 4890,415,2.37
ATI Radeon HD 5450,827,0.09
ATI Radeon HD 5470,811,0.1
ATI Radeon HD 5550,674,0.28
ATI Radeon HD 5570,598,0.49
ATI Radeon HD 5670,522,0.77
ATI Radeon HD 5750,437,1.66
ATI Radeon HD 5770,398,2.69
ATI Radeon HD 5830,365,3.26
ATI Radeon HD 5850,335,3.79
ATI Radeon HD 5870,305,4.9
ATI Radeon HD 5970,308,4.86
Intel HD Graphics ,782,0.12
Intel HD Graphics 2000,908,0.04
Intel HD Graphics 2500,872,0.07
Intel HD Graphics 3000,874,0.07
Intel HD Graphics 400 ,876,0.07
Intel HD Graphics 4000,864,0.07
Intel HD Graphics 405,873,0.07
Intel HD Graphics 4200,731,0.13
Intel HD Graphics 4400,703,0.25
Intel HD Graphics 4600,600,0.48
Intel HD Graphics 500,871,0.07
Intel HD Graphics 5000,563,0.63
Intel HD Graphics 505,732,0.13
Intel HD Graphics 510,702,0.25
Intel HD Graphics 515,616,0.46
Intel HD Graphics 520,720,0.23
INTEL HD GRAPHICS 540,,2.72
Intel HD Graphics 530,533,0.71
Intel HD Graphics 5300,704,0.25
Intel HD Graphics 5500,619,0.4
Intel HD Graphics 5600,716,0.23
Intel HD Graphics 6000,613,0.46
Intel HD Graphics 610,599,0.49
Intel HD Graphics 615,593,0.49
INTEL GRAPHICS 620,,0.65
Intel HD Graphics 620,554,0.65
Intel HD Graphics 630,480,1.22
Intel HD Graphics P4600,656,0.31
Intel HD Graphics P530,510,0.93
Intel HD Graphics P630,479,1.23
Intel Iris Graphics 5100,507,0.93
Intel Iris Graphics 540,394,2.72
Intel Iris Graphics 550,361,3.31
Intel Iris Graphics 6100,466,1.34
Intel Iris Plus Graphics 640,420,2.1
Intel Iris Plus Graphics 650,390,2.78
Intel Iris Plus Graphics 655,336,3.79
Intel Iris Plus Graphics G4 ,451,1.5
Intel Iris Plus Graphics G7 ,314,4.52
INTEL IRIS PRO GRAPHICS,,1.5
Intel Iris Pro Graphics 5200,421,2.1
Intel Iris Pro Graphics 580,385,2.91
Intel Iris Pro Graphics 6200,453,1.5
Intel Iris Pro Graphics P580,363,3.26
Intel UHD Graphics 600,749,0.13
Intel UHD Graphics 605,865,0.07
Intel UHD Graphics 615,562,0.63
Intel UHD Graphics 617,506,0.93
Intel UHD Graphics 620,527,0.73
Intel UHD Graphics 630,481,1.22
Intel UHD Graphics G1 ,432,1.66
NVIDIA GeForce 305M,929,0.03
NVIDIA GeForce 310M,838,0.08
NVIDIA GeForce 315M,839,0.08
NVIDIA GeForce 320M,807,0.1
NVIDIA GeForce 410M,890,0.05
NVIDIA GeForce 610M,887,0.06
NVIDIA GeForce 615,676,0.28
NVIDIA GeForce 705M,862,0.07
NVIDIA GeForce 710A,682,0.27
NVIDIA GeForce 710M,621,0.39
NVIDIA GeForce 720A,591,0.49
NVIDIA GeForce 7800 GT,853,0.07
NVIDIA GeForce 7800 GTX,830,0.08
NVIDIA GeForce 7900 GS,832,0.08
NVIDIA GeForce 7900 GT,817,0.1
NVIDIA GeForce 7900 GTX,790,0.11
NVIDIA GeForce 7950 GT,813,0.1
NVIDIA GeForce 7950 GX2,849,0.07
NVIDIA GeForce 800A,911,0.04
NVIDIA GeForce 800M,671,0.28
NVIDIA GeForce 810A,643,0.33
NVIDIA GeForce 810M,737,0.13
NVIDIA GeForce 820A,604,0.48
NVIDIA GeForce 820M,652,0.32
NVIDIA GeForce 825M,776,0.12
NVIDIA GeForce 830A,530,0.71
NVIDIA GeForce 830M,572,0.62
NVIDIA GeForce 840A,693,0.26
NVIDIA GeForce 840M,555,0.64
NVIDIA GeForce 845M,496,1
NVIDIA GeForce 8600 GT,824,0.09
NVIDIA GeForce 8600 GTS,800,0.11
NVIDIA GeForce 8700M GT,844,0.08
NVIDIA GeForce 8700M GT SLI,734,0.13
NVIDIA GeForce 8800 GS,679,0.28
NVIDIA GeForce 8800 GT,581,0.51
NVIDIA GeForce 8800 GTS 512,751,0.13
NVIDIA GeForce 8800 GTX,577,0.52
NVIDIA GeForce 8800 Ultra,774,0.12
NVIDIA GeForce 8800M GTS,858,0.07
NVIDIA GeForce 8800M GTX,681,0.28
NVIDIA GeForce 8800M GTX SLI,435,1.66
NVIDIA GeForce 910M,738,0.13
NVIDIA GEFORCE 920,,0.5
NVIDIA GeForce 920A,568,0.63
NVIDIA GeForce 920M,585,0.5
NVIDIA GeForce 920MX,520,0.77
NVIDIA GeForce 930A,514,0.92
NVIDIA GeForce 930M,546,0.68
NVIDIA GEFORCE GTX 930MX,,1.27
NVIDIA GeForce 930MX,475,1.27
NVIDIA GeForce 940A,525,0.73
NVIDIA GEFORCE GTX 940M,,0.71
NVIDIA GeForce 940M,531,0.71
NVIDIA GEFORCE GT 940MX,,1.56
NVIDIA GEFORCE GTX 940MX,,1.56
NVIDIA GeForce 940MX,439,1.56
NVIDIA GeForce 945A,422,2.1
NVIDIA GeForce 945M,425,1.71
NVIDIA GeForce 9500 GS,803,0.1
NVIDIA GeForce 9500 GT,806,0.1
NVIDIA GeForce 9600 GSO,689,0.26
NVIDIA GeForce 9600 GSO 512,744,0.13
NVIDIA GeForce 9600 GT,588,0.5
NVIDIA GeForce 9600M GS,828,0.09
NVIDIA GeForce 9600M GT,816,0.1
NVIDIA GeForce 9650M GS,809,0.1
NVIDIA GeForce 9650M GT,820,0.09
NVIDIA GeForce 9700M GT,786,0.12
NVIDIA GeForce 9700M GTS,778,0.12
NVIDIA GeForce 9800 GT,602,0.48
NVIDIA GeForce 9800 GTX,772,0.12
NVIDIA GeForce 9800 GX2,761,0.13
NVIDIA GeForce 9800M GS,677,0.28
NVIDIA GeForce 9800M GT,780,0.12
NVIDIA GeForce 9800M GT SLI,431,1.66
NVIDIA GeForce 9800M GTS,641,0.33
NVIDIA GeForce 9800M GTS SLI,445,1.5
NVIDIA GeForce 9800M GTX,688,0.26
NVIDIA GeForce 9800M GTX SLI,364,3.26
NVIDIA GeForce G210M,852,0.07
NVIDIA GeForce Go 7800 GTX,837,0.08
NVIDIA GeForce Go 7900 GTX,808,0.1
NVIDIA GeForce Go 7950 GTX,814,0.1
NVIDIA GeForce GT 1030,330,4.09
NVIDIA GeForce GT 120M,812,0.1
NVIDIA GeForce GT 130M,794,0.11
NVIDIA GeForce GT 220,894,0.05
NVIDIA GeForce GT 220M,819,0.1
NVIDIA GeForce GT 230,860,0.07
NVIDIA GeForce GT 230M,901,0.05
NVIDIA GeForce GT 240,640,0.33
NVIDIA GeForce GT 240 GDDR5,491,1.14
NVIDIA GeForce GT 240M,891,0.05
NVIDIA GeForce GT 320M,846,0.08
NVIDIA GeForce GT 325M,798,0.11
NVIDIA GeForce GT 330M,927,0.03
NVIDIA GeForce GT 335M,728,0.13
NVIDIA GeForce GT 415M,785,0.12
NVIDIA GeForce GT 420M,680,0.28
NVIDIA GeForce GT 425M,649,0.32
NVIDIA GeForce GT 430,633,0.34
NVIDIA GeForce GT 435M,628,0.34
NVIDIA GeForce GT 440,697,0.25
NVIDIA GeForce GT 445M,515,0.79
NVIDIA GeForce GT 520,926,0.03
NVIDIA GeForce GT 520M,923,0.03
NVIDIA GeForce GT 520MX,915,0.04
NVIDIA GeForce GT 525M,658,0.31
NVIDIA GeForce GT 540M,638,0.33
NVIDIA GeForce GT 545,465,1.34
NVIDIA GeForce GT 550M,594,0.49
NVIDIA GeForce GT 555M,560,0.63
NVIDIA GeForce GT 610,918,0.04
NVIDIA GeForce GT 620,909,0.04
NVIDIA GeForce GT 620M,620,0.39
NVIDIA GeForce GT 625 OEM,869,0.07
NVIDIA GeForce GT 625M,741,0.13
NVIDIA GeForce GT 630,582,0.51
NVIDIA GeForce GT 630M,608,0.47
NVIDIA GeForce GT 635M,605,0.48
NVIDIA GeForce GT 640,471,1.31
NVIDIA GeForce GT 640M,544,0.69
NVIDIA GeForce GT 640M LE,766,0.13
NVIDIA GeForce GT 645M,556,0.63
NVIDIA GeForce GT 650M,494,1.07
NVIDIA GeForce GT 650M SLI,353,3.53
NVIDIA GeForce GT 710,610,0.47
NVIDIA GeForce GT 710M,669,0.28
NVIDIA GeForce GT 720,596,0.49
NVIDIA GeForce GT 720A,634,0.34
NVIDIA GeForce GT 720M,665,0.29
NVIDIA GeForce GT 730,566,0.63
NVIDIA GeForce GT 730A,583,0.51
NVIDIA GeForce GT 730M,575,0.57
NVIDIA GeForce GT 735M,627,0.34
NVIDIA GeForce GT 740,413,2.41
NVIDIA GeForce GT 740M,765,0.13
NVIDIA GeForce GT 745A,483,1.21
NVIDIA GeForce GT 745M,540,0.7
NVIDIA GeForce GT 750M,464,1.34
NVIDIA GeForce GT 750M SLI,309,4.86
NVIDIA GeForce GT 755M,410,2.46
NVIDIA GeForce GT 755M SLI,266,6.58
NVIDIA GeForce GT 820M,603,0.48
NVIDIA GeForce GTS 160M,617,0.46
NVIDIA GeForce GTS 250,694,0.26
NVIDIA GeForce GTS 250M,622,0.39
NVIDIA GeForce GTS 350M,667,0.28
NVIDIA GeForce GTS 360M,579,0.52
NVIDIA GeForce GTS 450,414,2.39
NVIDIA GeForce GTX 1050,181,17.38
NVIDIA GEFORCE GTX 1050M,,9.26
NVIDIA GeForce GTX 1050 Max-Q,223,9.26
NVIDIA GeForce GTX 1050 Mobile,195,11.83
NVIDIA GeForce GTX 1050 Ti,143,24.11
NVIDIA GEFORCE GTX 1050TI,,24.11
NVIDIA GeForce GTX1050 TI,143,24.11
NVIDIA GeForce GTX 1050 Ti Max-Q,147,23.08
NVIDIA GeForce GTX 1050 Ti Mobile,150,22.14
NVIDIA GEFORCE GTX1060,,23.45
NVIDIA GEFORCE GTX 1060,,23.45
NVIDIA GeForce GTX 1060 5 GB,130,27.08
NVIDIA GeForce GTX 1060 Max-Q,145,23.45
NVIDIA GeForce GTX 1060 Mobile,107,30.28
NVIDIA GEFORCE GTX 1070M,,28.23
NVIDIA GEFORCE GTX 1070,,28.23
NVIDIA GeForce GTX 1070 Max-Q,125,28.23
NVIDIA GEFORCE GTX 1080,,39.6668
NVIDIA GEFORCE GTX1080,,36.9813
NVIDIA GeForce GTX 1650 Max-Q,158,20.93
NVIDIA GeForce GTX 1650 Mobile,124,28.49
NVIDIA GeForce GTX 260,497,0.99
NVIDIA GeForce GTX 260M,618,0.4
NVIDIA GeForce GTX 260M SLI,333,4.05
NVIDIA GeForce GTX 275,476,1.27
NVIDIA GeForce GTX 280,478,1.23
NVIDIA GeForce GTX 280M,651,0.32
NVIDIA GeForce GTX 280M SLI,338,3.79
NVIDIA GeForce GTX 285,473,1.3
NVIDIA GeForce GTX 285M,586,0.5
NVIDIA GeForce GTX 285M SLI,310,4.86
NVIDIA GeForce GTX 295,503,0.93
NVIDIA GeForce GTX 460,304,4.96
NVIDIA GeForce GTX 460 768MB,319,4.52
NVIDIA GeForce GTX 460 SE,340,3.78
NVIDIA GeForce GTX 460 v2,321,4.45
NVIDIA GeForce GTX 460M,449,1.5
NVIDIA GeForce GTX 460M SLI,318,4.52
NVIDIA GeForce GTX 465,284,5.73
NVIDIA GeForce GTX 470,246,8.2
NVIDIA GeForce GTX 470M,377,3.08
NVIDIA GeForce GTX 470M SLI,288,5.7
NVIDIA GeForce GTX 480,206,10.1
NVIDIA GeForce GTX 480M,362,3.31
NVIDIA GeForce GTX 480M SLI,287,5.7
NVIDIA GeForce GTX 485M,326,4.28
NVIDIA GeForce GTX 485M SLI,216,9.76
NVIDIA GeForce GTX 550 Ti,381,3.04
NVIDIA GeForce GTX 560,275,6.06
NVIDIA GeForce GTX 560 SE,347,3.67
NVIDIA GeForce GTX 560 Ti,247,8.03
NVIDIA GeForce GTX 560M,419,2.17
NVIDIA GeForce GTX 560M SLI,291,5.41
NVIDIA GeForce GTX 570,202,11.78
NVIDIA GeForce GTX 570M,359,3.4
NVIDIA GeForce GTX 580,177,18.29
NVIDIA GeForce GTX 580M,331,4.06
NVIDIA GeForce GTX 580M SLI,201,11.78
NVIDIA GeForce GTX 590,198,11.78
NVIDIA GeForce GTX 650,386,2.91
NVIDIA GeForce GTX 650 Ti,303,4.97
NVIDIA GeForce GTX 650 Ti Boost,259,7.33
NVIDIA GeForce GTX 660,219,9.76
NVIDIA GeForce GTX 660 Ti,192,12.27
NVIDIA GeForce GTX 660M,454,1.5
NVIDIA GeForce GTX 670,165,20.14
NVIDIA GeForce GTX 670M,375,3.08
NVIDIA GeForce GTX 670MX,356,3.49
NVIDIA GeForce GTX 670MX SLI,199,11.78
NVIDIA GeForce GTX 675M,350,3.58
NVIDIA GeForce GTX 675M SLI,229,9.2
NVIDIA GeForce GTX 675MX,323,4.39
NVIDIA GeForce GTX 680,157,20.94
NVIDIA GeForce GTX 680M,254,7.62
NVIDIA GeForce GTX 680M SLI,135,24.95
NVIDIA GeForce GTX 680MX,212,9.9
NVIDIA GeForce GTX 690,173,19.66
NVIDIA GeForce GTX 750,261,6.89
NVIDIA GeForce GTX 750 Ti,236,8.94
NVIDIA GeForce GTX 760,178,18
NVIDIA GeForce GTX 760 Ti OEM,166,20.06
NVIDIA GeForce GTX 760A,470,1.31
NVIDIA GeForce GTX 760M,457,1.49
NVIDIA GeForce GTX 765M,382,2.99
NVIDIA GeForce GTX 765M SLI,220,9.76
NVIDIA GeForce GTX 770,141,24.11
NVIDIA GeForce GTX 770M,301,4.98
NVIDIA GeForce GTX 770M SLI,218,9.76
NVIDIA GeForce GTX 775M,214,9.78
NVIDIA GeForce GTX 780M,226,9.2
NVIDIA GeForce GTX 780M SLI,115,29.21
NVIDIA GeForce GTX 850A,759,0.13
NVIDIA GeForce GTX 850M,402,2.6
NVIDIA GeForce GTX 860M,360,3.31
NVIDIA GeForce GTX 860M SLI,197,11.78
NVIDIA GeForce GTX 870M,322,4.42
NVIDIA GeForce GTX 880M,238,8.82
NVIDIA GeForce GTX 880M SLI,106,30.28
NVIDIA GeForce GTX 950,170,19.7
NVIDIA GeForce GTX 950A,395,2.72
NVIDIA GeForce GTX 950M,379,3.07
NVIDIA GEFORCE GTX 960<U+039C>,,4.52
NVIDIA GeForce GTX 960,146,23.19
NVIDIA GeForce GTX 960A,325,4.3
NVIDIA GEFORCE 960M,,4.52
NVIDIA GeForce GTX 960M,313,4.52
NVIDIA GeForce GTX 965M,264,6.74
NVIDIA GeForce GTX 965M SLI,118,29.21
NVIDIA GeForce GTX 970M,213,9.84
NVIDIA GTX 980 SLI,,23.75
NVIDIA GEFORCE GTX 980,,23.75
NVIDIA GeForce GTX 980M,144,23.75
NVIDIA GeForce GTX TITAN Z,110,29.86
NVIDIA GeForce MX110,407,2.48
NVIDIA GeForce MX130,374,3.12
NVIDIA GeForce 150MX,343,3.74
NVIDIA GeForce MX150,343,3.74
NVIDIA GeForce MX230,346,3.67
NVIDIA GeForce MX250,312,4.86
NVIDIA GF117,672,0.28
NVIDIA GRID K1,692,0.26
NVIDIA GRID K120Q,793,0.11
NVIDIA GRID K140Q,589,0.5
NVIDIA GRID K160Q,625,0.36
NVIDIA GRID K180Q,769,0.12
NVIDIA GRID K2,235,8.94
NVIDIA GRID K220Q,569,0.62
NVIDIA GRID K240Q,349,3.58
NVIDIA GRID K260Q,285,5.71
NVIDIA GRID K280Q,327,4.21
NVIDIA GRID K520,204,11.69
NVIDIA GRID M10-8Q,341,3.76
NVIDIA GRID M6-8Q,241,8.46
NVIDIA GRID M60-1Q,191,12.33
NVIDIA GRID M60-2Q,152,21.81
NVIDIA GRID M60-8Q,230,9.2
NVIDIA ION 2,928,0.03
NVIDIA Maxwell GPU Surface Book ,376,3.08
NVIDIA NVS 310,796,0.11
NVIDIA NVS 3100M,847,0.08
NVIDIA NVS 315,898,0.05
NVIDIA NVS 4200M,925,0.03
NVIDIA NVS 510,624,0.39
NVIDIA NVS 5100M,917,0.04
NVIDIA NVS 5200M,630,0.34
NVIDIA NVS 5400M,764,0.13
NVIDIA NVS 810,538,0.7
NVIDIA P106-100,190,12.47
NVIDIA Quadro 1000M,580,0.51
NVIDIA Quadro 2000,443,1.5
NVIDIA Quadro 2000D,472,1.31
NVIDIA Quadro 2000M,524,0.73
NVIDIA Quadro 3000M,428,1.66
NVIDIA Quadro 400,825,0.09
NVIDIA Quadro 4000,366,3.26
NVIDIA Quadro 4000M,389,2.83
NVIDIA Quadro 410,921,0.04
NVIDIA Quadro 5000,294,5.34
NVIDIA Quadro 5000M,373,3.26
NVIDIA Quadro 500M,631,0.34
NVIDIA Quadro 5010M,387,2.9
NVIDIA Quadro 600,606,0.48
NVIDIA Quadro 6000,260,7.32
NVIDIA Quadro 7000,221,9.76
NVIDIA Quadro CX,547,0.67
NVIDIA Quadro FX 1600M,834,0.08
NVIDIA Quadro FX 1700,855,0.07
NVIDIA Quadro FX 1700M,791,0.11
NVIDIA Quadro FX 1800,662,0.3
NVIDIA Quadro FX 1800M,779,0.12
NVIDIA Quadro FX 2500M,833,0.08
NVIDIA Quadro FX 2700M,685,0.27
NVIDIA Quadro FX 2800M,636,0.33
NVIDIA Quadro FX 3500,840,0.08
NVIDIA Quadro FX 3500M,789,0.11
NVIDIA Quadro FX 3600M,861,0.07
NVIDIA Quadro FX 3700,647,0.32
NVIDIA Quadro FX 3700M,645,0.32
NVIDIA Quadro FX 3800,710,0.25
NVIDIA Quadro FX 3800M,758,0.13
NVIDIA Quadro FX 380M,850,0.07
NVIDIA Quadro FX 4500,843,0.08
NVIDIA Quadro FX 4600,659,0.31
NVIDIA Quadro FX 4700 X2,626,0.34
NVIDIA Quadro FX 4800,534,0.71
NVIDIA Quadro FX 5500,823,0.09
NVIDIA Quadro FX 5600,612,0.46
NVIDIA Quadro FX 580,810,0.1
NVIDIA Quadro FX 5800,498,0.97
NVIDIA Quadro FX 770M,795,0.11
NVIDIA Quadro FX 880M,889,0.05
NVIDIA Quadro K1000M,762,0.13
NVIDIA Quadro K1100M,516,0.78
NVIDIA Quadro K1200,289,5.7
NVIDIA Quadro K2000,396,2.71
NVIDIA Quadro K2000D,405,2.58
NVIDIA Quadro K2000M,523,0.77
NVIDIA Quadro K2100M,441,1.53
NVIDIA Quadro K2200,240,8.53
NVIDIA Quadro K2200M,300,5.08
NVIDIA Quadro K3000M,391,2.76
NVIDIA Quadro K3100M,357,3.49
NVIDIA Quadro K4000,293,5.38
NVIDIA Quadro K4000M,342,3.75
NVIDIA Quadro K4100M,302,4.98
NVIDIA Quadro K420,752,0.13
NVIDIA Quadro K4200,188,12.47
NVIDIA Quadro K5000,228,9.2
NVIDIA Quadro K5000M,307,4.88
NVIDIA Quadro K5100M,274,6.08
NVIDIA Quadro K510M,637,0.33
NVIDIA Quadro K5200,139,24.24
NVIDIA Quadro K600,754,0.13
NVIDIA Quadro K6000,113,29.21
NVIDIA Quadro K610M,775,0.12
NVIDIA QUADRO M620M,,0.63
NVIDIA Quadro K620,328,4.17
NVIDIA Quadro K620M,567,0.63
NVIDIA Quadro M1000M,324,4.3
NVIDIA Quadro M1200,279,5.99
NVIDIA Quadro M2000,211,9.91
NVIDIA Quadro M2000M,283,5.75
NVIDIA Quadro M2200,237,8.83
NVIDIA Quadro M2200M,237,8.83
NVIDIA Quadro M3000M,187,12.54
NVIDIA Quadro M4000,128,27.08
NVIDIA Quadro M4000M,179,17.84
NVIDIA Quadro M5000M,156,21.25
NVIDIA Quadro M500M,499,0.95
NVIDIA QUADRO M520M,,2.27
NVIDIA Quadro M520,418,2.27
NVIDIA Quadro M600M,380,3.06
NVIDIA Quadro M620,296,5.25
NVIDIA Quadro NVS 320M,845,0.08
NVIDIA Quadro NVS 5100M,708,0.25
NVIDIA Quadro P1000,203,11.77
NVIDIA Quadro P2000,119,29.21
NVIDIA Quadro P2000 Max-Q,164,20.15
NVIDIA Quadro P2000 Mobile,120,29.21
NVIDIA Quadro P3000,151,21.91
NVIDIA Quadro P3000 Mobile,108,30.28
NVIDIA Quadro P400,400,2.65
NVIDIA Quadro P500,399,2.67
NVIDIA Quadro P520,388,2.88
NVIDIA Quadro P600,272,6.24
NVIDIA Quadro P620,233,9.05
NVIDIA Quadro T1000,127,27.97
NVIDIA Quadro T1000 Mobile,161,20.89
NVIDIA Quadro T2000 Max-Q,172,19.66
NVIDIA Quadro T2000 Mobile,160,20.89
NVIDIA Tesla C2050,249,8
NVIDIA Tesla C2070,267,6.58
NVIDIA Tesla C2075,253,7.66
NVIDIA Tesla M10,255,7.39
NVIDIA Tesla M6,111,29.76
NVIDIA Tesla M60,121,29.21
ARM MALI T860 MP4,,0